3,19,[(1,4,1),(4,7,44)]
3,13,[(4,1,10)]
5,11,[(4,39,14)]
3,7,[(1,2,1),(1,3622,111),(4,17,10)]
3,5,[(4,1,2),(4,959,124)]
3,23,[(3,5,2)]
5,13,[(2,7,2),(2,8,1),(2,47,70),(2,1072,377),(4,4,3),(4,524,69),(4,959,264),(4,5201,876)]
7,11,[(1,2,1),(1,13,2),(1,53,4),(4,2,3),(4,73,18),(4,278,51),(4,3154,915),(4,6233,474)]
3,29,[(4,13,4)]
5,17,[(2,2,3),(4,6881,498)]
5,19,[(4,71,18)]
3,37,[(4,25,14)]
7,17,[(4,19,30)]
7,19,[(3,66,5)]
3,47,[(3,1,2),(3,14,3),(3,3994,637),(3,8009,68),(4,22,5),(4,914,155),(4,9023,380)]
5,29,[(2,8,3),(2,12,1),(4,9,14),(4,111,22),(4,5039,876)]
5,31,[(3,7,2),(3,143,8),(4,281,138),(4,3001,570)]
7,23,[(1,4,1),(1,19,2),(1,661,638),(4,40,33),(4,80,9),(4,97,60)]
5,37,[(2,13,2)]
3,67,[(1,8,1),(4,823,280)]
5,41,[(1,6,1),(1,14,15),(1,25414,63),(4,119,138),(4,159,26),(4,279,76)]
3,71,[(3,173,10)]
7,31,[(3,9,2)]
3,73,[(1,5,2)]
13,17,[(1,2,1),(1,202,7),(1,1358,247),(4,55,18),(4,217,30),(4,545,564)]
13,19,[(4,3,4)]
3,83,[(3,140,9)]
7,37,[(1,5,6),(1,325,72),(4,2969,330)]
5,53,[(2,3,4)]
7,41,[(4,143,12)]
3,97,[(1,7,2),(1,1567,234),(1,13457,814),(4,95,68)]
7,43,[(1,6,1),(1,11,6),(1,419,24),(4,18,5),(4,23,150),(4,2166,235)]
5,61,[(2,7,4),(2,17,2),(4,41,18),(4,1559,246)]
3,103,[(1,10,1),(4,2191,530)]
3,109,[(4,97,22)]
7,47,[(3,95,6)]
5,67,[(4,31,6)]
11,31,[(1,50,3)]
5,71,[(3,3,2),(3,787,264),(4,279,34)]
7,53,[(1,29,2),(1,131,104),(4,25,18)]
13,29,[(1,4,1),(1,248,35),(1,376,437),(1,1936,133),(2,11,4),(2,19,2),(2,37,110),(2,5611,136),(3,8,99),(3,32,3),(3,76,15),(3,292,9),(4,23,18),(4,313,84),(4,2297,294),(4,9383,582)]
17,23,[(4,195,14)]
3,131,[(3,872,455)]
5,79,[(3,1,2),(4,25279,636)]
11,37,[(4,7,18)]
5,83,[(4,3359,174)]
19,23,[(1,2,1),(4,433,42)]
5,89,[(1,3,2),(1,77,12),(4,351,38),(4,2769,590)]
3,149,[(4,47,42)]
7,67,[(1,1605,814)]
3,157,[(4,145,26)]
11,43,[(3,536,65)]
13,37,[(2,15,4),(2,20,3),(2,6255,544),(4,12,5),(4,15588,875)]
5,97,[(2,22,1)]
3,163,[(1,20,133)]
7,71,[(1,8,1),(1,37,28),(4,208,51),(4,527,312),(4,7072,957)]
3,167,[(3,61,6)]
5,101,[(4,81,22)]
7,73,[(4,255,16)]
11,47,[(1,6,1),(4,193,174)]
17,31,[(4,49,120)]
3,173,[(4,851,160)]
5,107,[(4,149,48)]
3,179,[(3,8,3)]
5,109,[(2,17,4),(2,23,2),(4,31,174),(4,431,42)]
19,29,[(4,755,84)]
7,79,[(1,1563,400)]
13,43,[(4,881,210)]
5,113,[(2,22,3)]
7,83,[(3,22,3)]
19,31,[(3,162,35),(3,433,30),(4,6,5)]
3,199,[(1,14,1)]
3,197,[(4,97,10)]
17,37,[(2,2,5)]
11,59,[(1,192,5)]
5,131,[(4,519,46)]
23,29,[(1,21,2),(1,739,84),(4,63,22)]
11,61,[(4,25,6)]
3,227,[(3,4,3)]
13,53,[(2,8,5),(2,548,95),(4,199,30)]
5,139,[(4,151,186)]
17,41,[(2,21,4)]
3,239,[(3,2,3),(3,23,4),(4,118,11),(4,3482,427)]
7,103,[(3,3,2),(3,92,21),(4,360,19)]
5,149,[(1,8,21),(1,12,1),(2,27,2),(2,93,130),(2,667,60),(2,4427,468),(3,16,3),(3,1164,319),(3,4476,1007),(3,5816,51),(3,11916,73),(4,129,26),(4,2529,610),(4,4439,924)]
7,107,[(1,10,1),(4,1751,570)]
13,59,[(4,23,6)]
5,157,[(2,23,4),(2,28,1),(4,76,9)]
7,113,[(1,1,2)]
17,47,[(3,15,2),(3,25,6),(3,665,234),(4,399,20),(4,801,280),(4,2991,220)]
3,269,[(4,13,48)]
5,163,[(4,5921,546)]
3,277,[(4,265,34)]
5,173,[(2,28,3),(2,457,120),(4,116,51)]
11,79,[(3,2231,130)]
13,67,[(4,4029,320)]
7,127,[(1,45,2)]
17,53,[(1,6,1),(1,554,63),(1,3134,273),(2,30,1),(2,178,135),(2,3690,767),(3,23,6),(3,313,36),(3,687,52),(4,15,22),(4,577,210)]
5,181,[(4,719,54)]
7,131,[(3,214,9)]
3,307,[(1,8,3)]
3,311,[(3,5477,780)]
23,41,[(4,159,140)]
13,73,[(2,18,5)]
3,317,[(4,9683,900)]
7,137,[(1,5,2)]
5,191,[(3,33,4)]
5,193,[(2,758,65)]
5,197,[(2,27,4)]
19,53,[(4,17,6)]
3,337,[(1,17,2),(1,703,126),(4,145,92)]
13,79,[(3,57,4),(4,737,222)]
3,349,[(4,337,38)]
5,211,[(4,2281,630)]
7,151,[(1,12,1),(1,43,6),(4,216,145),(4,528,23),(4,4127,948)]
11,97,[(1,71,12),(1,769,72)]
3,359,[(3,443,16)]
23,47,[(1,27,2)]
11,101,[(4,4085,192)]
5,229,[(4,1391,258)]
7,163,[(1,51,2)]
13,89,[(2,34,1)]
3,389,[(4,193,14)]
11,107,[(3,28,3)]
7,167,[(3,20,3),(3,7715,54),(4,544,75)]
29,41,[(2,862,15)]
3,397,[(4,575,222)]
5,239,[(3,79,6),(3,4329,44),(4,951,62)]
5,241,[(4,559,222)]
3,409,[(1,19,2),(1,989,42),(4,2663,472)]
17,73,[(2,35,2)]
29,43,[(4,7,6)]
11,113,[(1,833,390),(1,6447,550)]
3,421,[(4,7079,890)]
3,419,[(3,292,13)]
31,41,[(1,25,2),(1,133,20),(1,619,380),(1,1255,14),(4,5,6),(4,595,78),(4,1943,180)]
19,67,[(3,3072,925)]
3,431,[(3,38,5),(3,3527,550)]
3,433,[(1,7465,418),(4,241,100)]
3,439,[(1,14,3)]
7,191,[(1,211,20)]
19,71,[(3,3923,30)]
5,269,[(2,7,6),(2,33,4),(4,249,34)]
7,193,[(1,9,2),(1,59,36),(1,221,12),(1,1599,154),(4,93,10),(4,675,26)]
5,271,[(3,223,10),(3,1753,28),(4,1079,66)]
23,59,[(1,6,1),(1,27,20),(4,902,93),(4,1033,246),(4,2378,147)]
7,197,[(4,169,30)]
5,277,[(2,37,2)]
13,107,[(4,415,42)]
11,127,[(3,7,2)]
3,467,[(3,916,23)]
5,283,[(4,139,12)]
17,83,[(3,7,6),(4,5295,292)]
3,479,[(3,17,4),(3,82,7),(4,118,57)]
13,109,[(2,11,6)]
31,47,[(1,4,1),(1,127,110),(4,728,27),(4,1393,156)]
5,293,[(2,13,6)]
13,113,[(1,10,1),(4,1031,630)]
3,487,[(1,22,1)]
7,211,[(1,53,6)]
3,499,[(1,16,3)]
19,79,[(3,15,2),(3,74,15),(3,13166,495),(4,30,7)]
11,137,[(1,91,12),(4,567,116)]
37,41,[(1,2,1),(4,1513,78)]
3,509,[(4,253,16)]
29,53,[(2,39,2),(2,793,120),(4,63,26)]
23,67,[(3,86,221)]
7,223,[(3,103,24)]
19,83,[(1,8,1),(4,553,408)]
7,227,[(3,290,33)]
5,317,[(2,17,6),(2,992,45),(4,44,57)]
37,43,[(4,13419,580)]
7,233,[(1,11,2),(1,61,2),(1,461,286),(4,167,60),(4,2071,240),(4,2465,576)]
3,547,[(1,1108,91)]
17,97,[(2,32,5),(4,376,315)]
13,127,[(3,9,2)]
11,151,[(3,5,2),(3,82,5),(4,70,9)]
3,557,[(4,157,60)]
23,73,[(1,5,12)]
7,241,[(4,531,170)]
3,563,[(3,500,17)]
13,131,[(4,7601,930)]
17,101,[(4,33,26)]
11,157,[(4,3407,366)]
3,577,[(1,23,2),(1,1177,14)]
37,47,[(3,1055,126),(4,151,30)]
17,103,[(3,13,2)]
5,353,[(2,42,1)]
13,137,[(2,34,5)]
3,599,[(3,13,4)]
7,257,[(4,899,30)]
23,79,[(3,17,2)]
11,167,[(3,3,2),(3,162,7),(4,362,69)]
3,613,[(4,601,50)]
7,263,[(1,16,1),(1,2029,592),(1,16579,608),(4,880,93)]
5,373,[(2,43,2)]
5,379,[(4,1511,78)]
7,271,[(3,39,4)]
23,83,[(3,1450,273)]
17,113,[(2,25,6),(2,36,5),(4,960,31),(4,6360,1001)]
3,643,[(1,20,3)]
13,149,[(2,41,4),(2,44,1),(4,68,9)]
3,647,[(3,11,4)]
5,389,[(3,4,3)]
19,103,[(3,69,4)]
37,53,[(1,4,1),(4,1897,180)]
7,281,[(1,11,10),(1,13,2),(1,67,2),(1,2011,110),(4,137,12),(4,167,108),(4,671,180),(4,943,96)]
3,659,[(3,208,11)]
5,401,[(3,2,3)]
11,181,[(4,137,30)]
3,673,[(1,25,2)]
43,47,[(1,2,1),(4,2017,90)]
13,157,[(1,12,1),(1,432,77),(2,45,2),(2,813,140),(3,136,21),(3,236,153),(3,1904,69),(4,425,246),(4,3143,1020),(4,12665,678)]
5,409,[(1,2,3),(1,182,3),(4,89,108),(4,1489,690)]
23,89,[(4,1023,32)]
19,109,[(4,45,8)]
31,67,[(1,6,1),(1,121,12),(1,817,30),(4,18,7),(4,1753,294)]
5,419,[(4,1671,82)]
29,73,[(2,46,1)]
5,421,[(1,4,3),(1,176,15),(2,43,4),(2,1147,10),(3,52,5),(3,11272,71),(4,401,42)]
3,709,[(4,263,246)]
3,719,[(3,7,4),(3,34,5),(4,358,19),(4,9482,909)]
17,127,[(3,65,4)]
7,311,[(3,16,3),(3,59,24),(4,1088,33)]
3,727,[(1,22,3)]
5,439,[(3,29,4)]
31,71,[(1,521,40)]
3,743,[(3,5,4)]
23,97,[(4,1075,102)]
13,173,[(4,121,30)]
37,61,[(2,31,6),(2,1152,85),(2,13704,493),(4,12,7)]
31,73,[(4,819,190)]
43,53,[(4,119,30)]
5,461,[(2,48,1),(2,13868,357),(4,1839,86)]
3,769,[(1,1,4),(1,9961,456),(4,577,124)]
7,331,[(1,18,1),(1,197,36),(1,8803,198),(4,162,13)]
13,179,[(4,703,54)]
17,137,[(4,951,140)]
7,337,[(1,15,2)]
3,787,[(1,28,1)]
23,103,[(3,640,91),(3,845,532),(4,1144,105)]
3,797,[(4,397,20)]
5,479,[(3,3921,506),(4,1209,710)]
29,83,[(4,303,38)]
31,79,[(3,551,30),(3,636,55),(4,1224,35)]
3,823,[(1,1390,77)]
3,829,[(4,817,58)]
19,131,[(1,1876,425)]
47,53,[(1,641,132),(1,1161,154)]
5,499,[(4,1591,294)]
41,61,[(1,70,3),(1,790,99),(2,10,7),(2,50,1),(3,157,10),(3,749,130),(3,1309,460),(3,19363,440),(4,103,30),(4,583,1020)]
7,359,[(1,37,10),(1,1588,275)]
3,839,[(3,107,8)]
17,149,[(1,38,15)]
43,59,[(1,4,1),(4,2473,204)]
5,509,[(2,12,7),(4,489,46)]
13,197,[(2,44,5),(2,743,160),(4,428,75)]
7,367,[(3,655,48)]
17,151,[(3,11,2)]
29,89,[(2,50,3)]
13,199,[(3,3,2),(3,11307,56),(4,257,258)]
23,113,[(4,99,350)]
3,863,[(3,55,6),(3,4870,649),(4,506,185)]
5,521,[(1,21,2),(1,1499,198),(4,201,116)]
7,373,[(1,309,4)]
37,71,[(3,61,12)]
3,877,[(4,95,258)]
3,883,[(1,10700,399)]
3,887,[(3,419,702)]
7,383,[(3,857,18)]
17,157,[(3,25,28),(3,695,26),(4,89,30)]
37,73,[(1,6,1),(1,7554,713),(4,2377,330)]
5,541,[(2,52,1)]
7,389,[(1,43,10)]
3,919,[(1,26,3)]
11,251,[(1,116,15)]
47,59,[(1,217,30)]
5,557,[(2,52,3),(2,247,180)]
7,401,[(1,13,44),(1,17,2),(1,293,28),(1,2423,22),(4,83,66),(4,1363,114),(4,6767,696)]
5,563,[(4,79,66)]
3,937,[(1,13,4)]
11,257,[(1,9,2),(1,3607,30),(4,447,124)]
19,149,[(4,73,30)]
5,577,[(2,22,7)]
3,967,[(1,5218,247)]
23,127,[(1,13,6)]
29,101,[(2,48,5),(2,1353,10),(4,1124,105)]
3,983,[(3,1195,728)]
5,593,[(2,9202,117)]
13,229,[(2,24,7),(2,41,6),(4,108,11)]
11,271,[(3,265,112)]
29,103,[(3,19,2),(3,1259,736),(3,24901,68),(4,383,42)]
5,599,[(3,141,8),(4,2391,98)]
5,601,[(1,14,3),(4,1999,318)]
31,97,[(1,39,2),(1,143,30),(1,439,42),(1,1809,154),(4,33,8),(4,303,364)]
7,431,[(1,83,2)]
3,1009,[(1,31,2)]
13,233,[(1,5,2)]
3,1013,[(4,431,190)]
11,277,[(4,133,12)]
5,613,[(2,53,4)]
7,439,[(3,4229,120),(4,1224,215)]
17,181,[(2,26,7)]
3,1031,[(3,4877,660)]
19,163,[(1,12,1)]
3,1033,[(1,5,728),(1,1555,84),(4,841,140)]
7,443,[(1,146,341),(1,1109,136),(4,218,15)]
53,59,[(4,183,34)]
31,101,[(1,353,130),(1,2569,80),(4,23,30)]
7,449,[(1,53,10)]
29,109,[(4,7,30)]
31,103,[(1,73,540)]
3,1063,[(1,5510,39)]
7,457,[(4,1599,40)]
23,139,[(1,19,6),(1,106,3),(4,58,9)]
5,641,[(4,321,124)]
5,643,[(4,319,18)]
41,79,[(4,1661,630)]
7,463,[(1,1371,56)]
17,191,[(3,9,2),(3,87,10),(3,6271,78),(4,593,84),(4,1311,220),(4,7727,264)]
5,653,[(2,57,2),(2,408,185),(4,124,69)]
7,467,[(3,10,3)]
3,1091,[(3,28,5)]
17,193,[(2,55,4),(2,1432,5),(4,1600,123)]
5,661,[(1,16,3)]
31,107,[(1,41,2)]
3,1109,[(4,433,78)]
47,71,[(1,33,2)]
13,257,[(1,7,2),(1,4633,34),(4,575,132)]
5,673,[(2,58,1)]
3,1129,[(1,19,4)]
43,79,[(1,6,1),(4,3073,366)]
19,179,[(3,2092,435)]
7,487,[(1,85,6),(1,11460,667)]
47,73,[(4,515,378)]
19,181,[(4,81,10)]
7,491,[(1,22,1),(1,59,10),(4,38,69),(4,8158,651)]
3,1151,[(3,1082,25),(3,10297,880)]
3,1153,[(4,1919,520)]
11,317,[(4,273,38)]
13,269,[(1,16,1),(1,524,91),(2,59,2),(2,317,190),(2,1477,40),(3,28,3),(3,19168,657),(3,29828,819),(4,1063,66)]
31,113,[(1,1063,10)]
5,701,[(2,47,6),(2,57,4),(4,321,770),(4,2799,106)]
7,503,[(3,8,3),(4,1520,639)]
5,709,[(4,689,54)]
3,1187,[(3,136,9)]
13,277,[(2,60,1),(2,1152,155),(4,3935,402)]
59,61,[(4,2441,150)]
3,1213,[(4,1201,70)]
11,331,[(1,20,21)]
41,89,[(2,1508,45),(4,624,385)]
3,1223,[(3,5405,884)]
3,1237,[(4,265,282)]
37,101,[(1,8,1),(1,3628,19),(2,59,4),(2,61,2),(3,16,63),(3,284,21),(3,628,165),(3,1024,39),(4,367,42),(4,2713,552)]
23,163,[(1,395,42)]
5,751,[(3,23,4)]
19,199,[(1,1670,99)]
7,541,[(1,93,2),(1,507,184),(4,1727,318)]
17,223,[(3,7,2),(3,193,14),(3,15647,806),(4,1855,132)]
11,347,[(3,268,9)]
23,167,[(1,12,1),(1,4187,18)]
5,769,[(1,247,12),(1,433,168),(1,11953,714),(2,38,7),(2,62,1),(3,106,7),(4,449,132),(4,2671,354)]
5,773,[(2,1533,80)]
3,1297,[(1,23,4)]
47,83,[(1,6,1),(4,3577,390)]
11,359,[(3,61,60),(3,746,15),(4,266,75)]
7,563,[(3,2,3)]
3,1319,[(3,997,24)]
17,233,[(2,1573,30)]
41,97,[(2,61,4)]
7,569,[(4,1679,240)]
5,797,[(2,63,2)]
7,571,[(1,2,3),(1,69,10),(4,282,17)]
19,211,[(3,108,5)]
11,367,[(1,478,15)]
5,809,[(1,27,2),(1,2293,90),(4,4311,616)]
5,811,[(4,3239,114)]
31,131,[(1,10,1),(1,119,20),(1,2239,70),(4,50,9),(4,1561,810)]
61,67,[(4,3,8)]
17,241,[(2,1,8),(2,64,1),(4,848,399),(4,1232,657)]
3,1367,[(3,4931,682)]
5,821,[(1,1404,7),(1,2176,171),(1,12064,861),(2,3,8),(2,53,6),(3,48,5),(4,801,58)]
23,179,[(1,2301,368)]
13,317,[(2,5,8)]
5,829,[(2,7,8),(4,2911,366)]
7,593,[(4,2035,138)]
43,97,[(1,727,132)]
47,89,[(1,6307,540)]
3,1399,[(1,34,3)]
5,839,[(3,21,4)]
19,223,[(3,9,2),(3,166,21),(4,102,11)]
5,853,[(2,13,8)]
3,1427,[(3,76,7)]
3,1429,[(4,457,294)]
7,613,[(1,99,2)]
5,859,[(4,311,810)]
31,139,[(3,3174,275)]
19,227,[(3,7312,645)]
3,1439,[(3,169,10),(3,662,793),(4,598,87)]
29,149,[(2,15,8),(2,55,6),(4,567,50)]
3,1447,[(1,38,1)]
11,397,[(4,353,42)]
3,1459,[(1,6004,481)]
13,337,[(1,18,1),(1,4422,703),(4,295,294)]
5,877,[(2,17,8),(2,1348,155),(4,436,21)]
41,107,[(3,517,18),(3,3387,46),(4,6807,332)]
11,401,[(1,15,2)]
7,631,[(1,8,3),(1,243,44),(4,2208,47)]
23,193,[(1,35,6)]
3,1487,[(3,49,6),(3,206,11),(4,194,205)]
3,1489,[(1,6521,78),(4,1297,164)]
41,109,[(2,62,5)]
17,263,[(3,3,2)]
7,641,[(1,23,2),(1,1619,40),(4,193,132),(4,317,18)]
23,197,[(1,867,56),(4,105,34)]
13,349,[(2,21,8)]
47,97,[(1,145,12)]
23,199,[(3,13,2),(4,1976,255)]
5,919,[(3,19,4)]
43,107,[(1,8,1),(4,3577,600)]
17,271,[(3,1,2),(3,191,14),(4,127,12),(4,2303,48)]
31,149,[(1,137,20)]
5,929,[(4,3711,122)]
59,79,[(1,430,21)]
3,1559,[(3,2771,40)]
31,151,[(3,6429,170)]
5,941,[(2,48,7),(2,68,3),(4,639,830),(4,921,62)]
7,673,[(1,101,6)]
53,89,[(1,6,1),(1,14194,663),(4,3303,236),(4,4393,426)]
5,947,[(4,271,78)]
11,431,[(3,4761,190)]
47,101,[(1,1593,182),(1,5233,456),(4,87,34)]
3,1583,[(3,290,13)]
67,71,[(1,2,1),(4,4753,138)]
17,281,[(1,3,2),(1,7381,210),(2,59,6),(2,69,2),(3,199,36),(3,1161,68),(3,1321,528),(3,2343,200),(4,807,148)]
7,683,[(1,26,1),(1,269,44),(4,58,75)]
3,1609,[(1,29,4)]
11,439,[(3,331,10),(4,214,15)]
7,691,[(3,646,261)]
23,211,[(1,509,30)]
3,1619,[(3,16,5)]
31,157,[(1,1,6),(1,7729,924),(4,9887,606)]
67,73,[(1,2469,34)]
7,701,[(1,6283,496),(4,673,54)]
13,379,[(4,183,14)]
5,991,[(3,17,4),(4,3959,126)]
3,1657,[(4,1465,172)]
17,293,[(1,154,3),(2,66,5),(2,70,3),(3,417,44),(3,1817,42),(3,15767,1008),(4,225,38),(4,18735,548)]
19,263,[(1,298,91)]
3,1667,[(3,1664,31)]
29,173,[(1,12,1),(1,2816,195),(1,8072,837),(2,61,6),(2,69,4),(3,96,77),(3,436,9),(3,836,273),(3,1944,19),(4,57,34)]
3,1669,[(4,1657,82)]
5,1009,[(3,46,5)]
13,389,[(2,31,8),(2,71,2),(4,337,42)]
5,1013,[(2,10853,936)]
37,137,[(1,10,1),(1,11110,527),(4,2569,870)]
11,461,[(4,215,78)]
5,1021,[(2,52,7),(4,3679,402)]
3,1699,[(1,1144,217)]
19,269,[(4,125,12)]
23,223,[(1,235,12)]
53,97,[(4,335,42)]
7,739,[(1,13053,550)]
71,73,[(1,2227,600)]
7,743,[(1,109,2),(1,22924,29),(4,2600,51)]
41,127,[(3,23,2),(3,283,88),(3,1067,52),(4,2291,270)]
23,227,[(3,1566,133)]
3,1747,[(1,2048,21)]
5,1049,[(1,187,30),(1,1587,14),(4,729,148)]
29,181,[(2,68,5)]
7,751,[(1,107,6)]
11,479,[(3,351,70)]
17,311,[(4,1443,434)]
7,757,[(4,1511,330)]
13,409,[(2,54,7)]
17,313,[(2,35,8)]
7,761,[(4,2623,156)]
5,1069,[(2,73,2),(2,12313,416),(4,1049,66)]
41,131,[(3,35,6)]
11,491,[(3,20,3)]
3,1811,[(3,8,5)]
13,419,[(4,6449,990)]
43,127,[(1,3562,621)]
5,1093,[(2,37,8)]
3,1823,[(3,9230,73),(4,26,215)]
7,787,[(3,2530,93)]
67,83,[(1,4,1),(4,5497,300)]
19,293,[(4,5791,390)]
37,151,[(3,21,2)]
5,1117,[(2,73,4),(2,268,215),(4,5444,567)]
3,1871,[(3,2,5)]
41,137,[(2,39,8),(4,2808,53)]
17,331,[(3,73,10)]
13,433,[(1,15,2),(1,7455,304)]
3,1879,[(1,2,5)]
13,439,[(3,133,24),(3,5203,114),(4,703,318)]
3,1907,[(3,1456,29)]
11,521,[(1,205,6),(4,183,140)]
5,1151,[(3,73,6)]
7,823,[(1,16,3),(1,459,4)]
5,1153,[(2,58,7)]
73,79,[(3,33,2)]
29,199,[(3,85,4),(3,11395,46)]
53,109,[(2,41,8),(2,76,1),(4,28,9)]
7,827,[(1,115,2),(4,1774,255)]
37,157,[(2,72,5)]
5,1163,[(4,379,84)]
3,1949,[(4,8867,936)]
7,839,[(3,2236,315),(3,2381,30),(4,2624,285)]
23,257,[(1,143,6)]
61,97,[(1,6,1),(1,18186,473),(4,4553,438),(4,5593,474)]
31,191,[(1,55,2),(1,212,35),(4,320,711)]
17,349,[(3,71,10)]
13,457,[(2,942,205)]
19,313,[(1,3,2),(1,8883,598)]
3,1987,[(1,7532,117)]
47,127,[(3,25,2),(4,2944,165)]
43,139,[(1,1324,99)]
3,1993,[(1,35,4)]
3,1997,[(4,61,220)]
5,1201,[(4,881,156)]
17,353,[(1,9,2),(2,60,7),(2,13020,481),(3,32,3)]
37,163,[(4,63,10)]
23,263,[(3,40,3),(3,75,4),(4,1824,455),(4,3024,55)]
3,2017,[(1,7577,208),(4,1825,188)]
5,1217,[(2,78,1)]
59,103,[(3,29,2),(3,278,35),(4,22,9)]
17,359,[(4,2739,290)]
3,2039,[(3,43,6)]
5,1231,[(3,7,4),(4,4519,438)]
47,131,[(1,183,4),(1,534,35),(4,5282,219)]
3,2053,[(4,1081,330)]
61,101,[(2,13265,104),(4,20,9)]
31,199,[(3,51,40)]
5,1237,[(2,77,4)]
23,269,[(1,109,66),(1,4197,80),(4,177,38)]
3,2063,[(3,3055,42),(3,23710,117)]
41,151,[(4,3055,168)]
3,2069,[(4,913,102)]
17,367,[(4,161,720)]
5,1249,[(2,62,7)]
3,2087,[(3,101,8)]
11,571,[(3,560,13)]
5,1259,[(4,5031,142)]
71,89,[(1,2053,120)]
3,2111,[(3,167,10)]
17,373,[(4,305,42)]
11,577,[(1,41,24)]
7,907,[(1,30,1)]
7,911,[(1,101,10)]
5,1277,[(2,1812,145),(4,436,87)]
3,2131,[(1,16,5)]
5,1279,[(3,1,4)]
37,173,[(2,76,5),(2,80,1),(4,655,54),(4,13865,714)]
3,2137,[(1,37,4)]
5,1289,[(1,3,4),(1,323,6),(4,2031,910)]
11,587,[(1,24,1)]
13,499,[(4,243,16)]
73,89,[(1,4,1),(1,461,14),(1,757,110),(1,1141,22),(1,22516,833),(2,49,8),(2,64,7),(2,79,4),(2,2008,65),(2,13496,559),(3,67,6),(3,196,15),(3,413,342),(3,692,9),(3,1612,399),(3,2348,153),(3,4507,138),(4,8,9),(4,3248,57),(4,4583,276),(4,6433,324)]
5,1301,[(1,36,1)]
17,383,[(3,63,4)]
3,2179,[(1,44,3)]
13,503,[(4,1999,90)]
79,83,[(1,2,1),(1,583,8),(1,911,10),(4,2,9),(4,6553,162)]
31,211,[(1,710,21),(1,1311,400),(4,90,11)]
13,509,[(2,1757,160)]
3,2207,[(3,41,6),(3,5974,759),(4,982,105)]
7,947,[(1,475,28)]
7,953,[(1,29,2)]
11,607,[(3,47,4)]
37,181,[(1,12,1),(1,12888,403),(2,51,8),(2,23571,748),(3,92,15),(3,12056,987),(3,14564,441),(4,2273,366)]
19,353,[(1,7,2),(1,8567,782)]
43,157,[(4,57,10)]
29,233,[(1,107,12),(1,381,10),(2,14,9),(2,66,7),(3,46,3),(3,5826,989),(3,24174,67),(4,903,62)]
7,967,[(1,20,3)]
11,617,[(1,21,2),(4,10647,872)]
5,1361,[(1,9,4),(1,15871,840),(2,82,3),(3,42,5),(4,1041,164)]
11,619,[(1,208,15)]
17,401,[(2,16,9),(2,81,4),(4,3096,305)]
19,359,[(1,922,35)]
7,977,[(1,125,2)]
41,167,[(4,2223,476)]
71,97,[(4,163,738)]
7,983,[(3,212,9),(3,4667,42),(4,3400,177)]
61,113,[(1,4033,650)]
67,103,[(1,6,1),(4,6577,510)]
5,1381,[(1,316,21),(1,16384,273),(2,53,8),(2,83,2),(3,268,11),(4,2399,930),(4,5119,462)]
3,2309,[(4,1153,34)]
29,239,[(3,15,2)]
17,409,[(2,773,220)]
3,2339,[(3,11932,83)]
79,89,[(1,3775,374)]
31,227,[(1,14,1),(1,241,4),(4,1142,111),(4,9574,495)]
5,1409,[(2,22,9)]
11,641,[(1,1945,126)]
23,307,[(1,277,12)]
7,1009,[(4,3219,310)]
3,2357,[(4,241,230)]
19,373,[(4,177,14)]
41,173,[(2,1802,165)]
47,151,[(3,109,4)]
37,193,[(2,1938,145)]
5,1429,[(1,32,3),(2,83,4),(3,376,13),(3,6764,55)]
23,311,[(1,104,15)]
17,421,[(4,5087,462)]
3,2389,[(4,2377,98)]
5,1439,[(3,71,6)]
23,313,[(4,3599,60)]
7,1031,[(1,32,1),(1,253,52),(4,328,747)]
31,233,[(1,8483,700)]
7,1033,[(4,1671,260)]
13,557,[(2,85,2)]
5,1453,[(2,1567,190),(4,724,27)]
11,661,[(4,2903,390)]
19,383,[(3,34,3),(3,5209,714),(4,578,93)]
5,1459,[(4,5431,474)]
71,103,[(4,3344,315)]
3,2447,[(3,559,18),(4,1222,35)]
7,1051,[(1,3,14),(1,22,3),(4,522,23)]
17,433,[(4,208,15),(4,655,156),(4,3640,183)]
13,569,[(1,19,2),(1,8611,76),(2,86,1),(2,1658,185),(3,22,3)]
3,2467,[(1,1568,897)]
5,1481,[(1,1266,175),(4,5919,154)]
31,239,[(3,4,15),(3,16231,270)]
5,1483,[(4,821,240)]
7,1061,[(1,13,14),(1,1853,152),(4,1033,66)]
7,1063,[(3,27,4),(3,128,33),(4,3720,61)]
11,677,[(4,107,84)]
29,257,[(1,3254,255),(1,9606,575)]
3,2503,[(1,50,1)]
17,443,[(3,1143,68),(3,2687,216)]
3,2521,[(1,8341,390)]
71,107,[(1,6,1),(4,7273,534)]
3,2543,[(4,334,235)]
13,587,[(4,3769,330)]
7,1091,[(3,334,39)]
3,2551,[(1,26,5)]
79,97,[(1,201,20)]
7,1103,[(1,29,14)]
3,2579,[(3,68,7)]
5,1549,[(2,88,1),(2,14708,611)]
61,127,[(3,73,12),(3,4631,390)]
3,2593,[(1,2495,28)]
31,251,[(3,8654,615)]
5,1559,[(4,6231,158)]
17,461,[(3,57,10),(3,16361,252),(4,393,46)]
47,167,[(3,1755,16)]
3,2617,[(1,43,4),(4,2425,212)]
5,1571,[(4,3159,970)]
17,463,[(3,263,8)]
13,607,[(3,671,42),(3,6689,396),(4,1375,354)]
53,149,[(4,63,38)]
7,1129,[(1,117,10)]
3,2647,[(1,2182,189)]
73,109,[(1,6,1),(4,7633,546)]
19,419,[(1,20,1)]
31,257,[(1,409,104),(1,5609,304),(1,6377,220),(4,113,12),(4,2783,504)]
13,613,[(2,1948,165),(2,2217,80)]
3,2659,[(1,28,5)]
23,347,[(1,18,1)]
3,2663,[(3,35,6)]
5,1601,[(1,39,2),(1,3241,18),(2,38,9),(3,102,7)]
13,617,[(2,86,5)]
23,349,[(1,61,6),(1,2059,228),(4,257,42)]
29,277,[(2,737,230),(2,1993,160)]
7,1151,[(3,89,6)]
5,1613,[(2,63,8)]
41,197,[(3,13,6),(3,8763,148),(4,33,38)]
59,137,[(1,291,10)]
5,1621,[(4,6079,498)]
23,353,[(1,75,2)]
3,2707,[(1,52,1)]
47,173,[(4,15,38)]
79,103,[(3,109,12)]
7,1163,[(1,34,1)]
29,281,[(2,462,235)]
5,1637,[(2,83,6)]
19,431,[(3,353,60),(3,13078,495),(4,206,15)]
7,1171,[(1,547,12)]
29,283,[(4,1217,354)]
3,2749,[(4,1777,366)]
23,359,[(3,3,2),(3,388,9),(4,2928,511)]
11,751,[(1,794,225)]
53,157,[(2,65,8),(4,16484,645)]
5,1669,[(4,3551,990)]
17,491,[(3,351,44)]
3,2789,[(4,8447,954)]
3,2797,[(4,2785,106)]
31,271,[(3,15,2)]
7,1201,[(1,33,2)]
13,647,[(3,29,24),(4,2575,102)]
23,367,[(3,1,2)]
5,1693,[(2,92,1)]
43,197,[(4,15785,762)]
61,139,[(4,39,10)]
5,1697,[(2,78,7)]
13,653,[(3,20,3)]
7,1213,[(1,51,14),(1,2229,8),(4,1055,354)]
29,293,[(2,44,9),(2,47,240),(4,11852,327)]
3,2833,[(4,2641,220)]
5,1709,[(2,92,3)]
83,103,[(3,35,2)]
17,503,[(4,3075,518)]
43,199,[(4,78,11)]
3,2857,[(1,53,2),(4,215,616)]
7,1229,[(1,557,20)]
5,1721,[(1,21,4),(1,299,30),(4,6879,166)]
7,1231,[(3,1241,66)]
37,233,[(1,14,1),(1,14666,217),(4,2135,204)]
3,2879,[(3,97,8),(3,386,15),(4,2162,497)]
5,1733,[(2,93,2)]
5,1741,[(2,2332,35)]
31,281,[(4,4355,66)]
11,797,[(4,753,58)]
67,131,[(1,8,1),(4,7753,792)]
5,1759,[(3,1511,26)]
3,2927,[(3,31,6),(4,526,245)]
13,677,[(2,80,7),(2,788,235),(4,625,54)]
17,521,[(2,69,8)]
3,2957,[(4,1357,120)]
17,523,[(3,593,52)]
29,307,[(4,8909,480)]
37,241,[(2,94,3)]
11,811,[(3,160,7)]
79,113,[(4,1183,792)]
47,191,[(1,12,1),(1,367,42),(4,4488,67)]
7,1283,[(1,61,14)]
83,109,[(4,223,42)]
3,3023,[(3,335,14)]
61,149,[(2,92,5)]
11,827,[(3,8,3)]
13,701,[(3,692,225)]
7,1303,[(1,36,1)]
23,397,[(1,67,6)]
41,223,[(3,169,40)]
89,103,[(4,4543,204)]
29,317,[(2,2397,10)]
13,709,[(2,89,6),(2,96,1),(4,348,19)]
7,1319,[(3,23696,855)]
7,1321,[(4,4623,68)]
19,487,[(3,16003,930)]
73,127,[(4,27,10)]
37,251,[(4,107,12)]
71,131,[(1,45,2)]
5,1861,[(4,241,354)]
13,719,[(3,127,6)]
3,3119,[(3,202,11),(3,937,962),(4,1438,123)]
5,1873,[(2,2402,85)]
23,409,[(1,181,6)]
5,1879,[(4,7111,534)]
5,1889,[(4,1569,188)]
13,727,[(3,51,4)]
17,557,[(3,4490,33),(4,489,50)]
19,499,[(1,516,35)]
3,3169,[(1,49,4),(4,97,632)]
31,307,[(1,49,6),(1,438,5),(4,138,13)]
5,1907,[(4,751,102)]
19,503,[(1,22,1)]
61,157,[(2,91,6)]
43,223,[(3,7545,238)]
7,1373,[(1,499,44)]
23,419,[(3,38,3)]
3,3217,[(1,2777,56)]
5,1933,[(2,97,4),(2,16612,221)]
19,509,[(4,515,96)]
17,569,[(3,39,10)]
37,263,[(4,1015,66)]
11,887,[(3,2,3)]
3,3253,[(4,2281,390)]
13,751,[(3,263,30)]
97,101,[(1,2,1),(2,86,7),(2,16114,871),(3,79,6),(3,5983,300),(4,6367,324),(4,9793,198)]
41,239,[(4,4899,70)]
31,317,[(1,71,2),(1,919,88),(4,193,42)]
13,757,[(2,96,5),(2,28620,697)]
43,229,[(4,13703,714)]
41,241,[(1,95,12)]
5,1979,[(4,7911,178)]
3,3299,[(3,128,9)]
3,3319,[(1,38,5)]
7,1423,[(1,149,6)]
11,907,[(1,4,3)]
97,103,[(4,3,10)]
73,137,[(1,8,1),(1,173,56),(1,557,28),(1,25763,752),(2,1,10),(2,100,1),(2,2092,185),(2,2407,130),(2,28705,986),(3,61,6),(3,76,3),(3,676,621),(3,2459,414),(3,18869,282),(4,1720,819),(4,2888,165),(4,4960,213),(4,8977,840)]
7,1429,[(1,107,60)]
11,911,[(1,30,1)]
79,127,[(3,19632,235),(4,4704,365)]
13,773,[(2,7,10)]
89,113,[(2,99,4)]
3,3359,[(3,23,6),(3,62,7),(4,1678,41)]
17,593,[(1,24,1),(1,209,12),(1,2751,176),(1,9136,777),(2,9,10),(2,100,3),(2,732,245),(2,2463,110),(2,29015,306),(3,28,3),(3,177,14),(3,7623,86),(4,495,164),(4,3840,553),(4,5040,71),(4,24008,465)]
29,349,[(2,11,10)]
7,1447,[(3,165,8),(3,4880,129)]
5,2029,[(2,88,7)]
7,1451,[(1,38,1),(1,2243,152),(4,722,27)]
7,1453,[(1,571,36),(4,815,366)]
17,599,[(3,841,60)]
61,167,[(3,1117,126),(3,6101,900),(4,607,54)]
5,2039,[(3,219,10)]
7,1459,[(3,54,5)]
17,601,[(2,101,2)]
53,193,[(2,98,5)]
13,787,[(4,387,20)]
29,353,[(1,18,1),(1,13558,513),(4,1503,188)]
31,331,[(3,138,5)]
43,239,[(1,14,1)]
41,251,[(3,147,10),(3,16579,510)]
7,1471,[(1,149,60)]
23,449,[(1,9,2),(1,339,4),(4,707,102),(4,4851,370)]
79,131,[(1,286,5)]
5,2069,[(4,8271,182)]
13,797,[(1,28,1),(2,19,10),(2,2267,170),(3,16,3)]
7,1481,[(1,37,2),(1,83,14),(1,139,10),(4,457,96),(4,1903,828),(4,5183,72),(4,5687,744)]
5,2081,[(1,409,12),(2,62,9),(2,102,1),(3,1182,23),(3,11302,825),(4,1761,196)]
3,3469,[(4,3457,118)]
17,613,[(1,94,21)]
7,1493,[(1,18701,154),(4,1465,78)]
53,197,[(1,12,1),(1,10232,27),(2,21,10),(2,2547,70),(3,64,3),(3,27036,671),(4,735,58)]
47,223,[(3,23,2)]
7,1499,[(1,2477,40)]
13,809,[(4,3223,114)]
41,257,[(2,17101,702)]
3,3517,[(4,2545,402)]
97,109,[(3,246,5)]
7,1511,[(3,379,12),(3,4024,39),(4,5248,219)]
3,3527,[(3,19,6)]
3,3529,[(1,59,2),(1,5363,910),(4,3337,244)]
3,3533,[(4,829,260)]
11,967,[(3,43,4),(3,958,17),(4,12722,819)]
13,821,[(2,2528,115),(2,2537,110)]
3,3559,[(1,10082,65)]
19,563,[(3,4,21)]
5,2141,[(2,97,6)]
71,151,[(1,389,30),(4,4160,567)]
17,631,[(3,23,10),(3,61,4),(4,307,18)]
23,467,[(3,234,7)]
11,977,[(1,281,6),(4,273,164)]
31,347,[(3,3326,465)]
13,829,[(4,3383,426)]
5,2161,[(4,8639,186)]
101,107,[(4,327,46)]
29,373,[(2,104,1),(4,1463,78)]
3,3607,[(1,58,3)]
37,293,[(1,16,1),(1,5924,323),(2,29,10),(2,2603,10),(3,52,3),(4,145,42)]
7,1553,[(4,5395,222)]
73,149,[(3,302,99),(4,143,42)]
17,641,[(2,104,3)]
11,991,[(1,10,3)]
67,163,[(1,764,357)]
47,233,[(4,5475,74)]
97,113,[(1,4,1),(2,31,10),(2,2183,190),(3,88,3),(4,10897,420)]
7,1567,[(3,15,4)]
7,1571,[(3,886,57)]
23,479,[(3,5623,396)]
3,3673,[(1,2195,988)]
103,107,[(1,2,1),(1,437,56),(4,4118,195),(4,11017,210)]
41,269,[(2,102,5)]
61,181,[(2,105,2),(2,368,255),(4,60,11)]
7,1583,[(1,139,248)]
13,853,[(2,33,10),(4,3636,335)]
29,383,[(3,9,2)]
41,271,[(4,2275,846)]
3,3709,[(4,3697,122)]
13,857,[(3,14,3)]
71,157,[(1,421,72),(1,451,6),(4,127,42)]
13,859,[(4,2383,402)]
3,3719,[(3,13,6)]
5,2237,[(2,68,9),(2,1297,240)]
67,167,[(1,10,1)]
23,487,[(1,77,6),(1,1772,63)]
17,659,[(3,9,10)]
47,239,[(4,5304,385)]
17,661,[(1,802,297),(1,12838,759),(2,94,7),(2,106,1),(3,7,10),(4,593,54)]
7,1607,[(1,40,1),(4,5624,75)]
5,2251,[(4,8599,582)]
19,593,[(1,17,2)]
29,389,[(2,105,4),(4,980,111)]
23,491,[(1,13779,910),(1,21294,155)]
3,3767,[(3,11,6)]
3,3769,[(1,61,2),(1,2771,182)]
47,241,[(1,7,6),(1,137,6),(4,97,12),(4,2767,228)]
11,1031,[(3,115,6),(4,70,93)]
41,277,[(3,1082,13),(4,113,42)]
37,307,[(4,1769,390)]
31,367,[(3,87,4),(3,18896,885),(4,4488,581)]
3,3793,[(1,55,4)]
59,193,[(1,23,12),(1,7471,600),(4,3583,252)]
19,599,[(3,155,6)]
5,2281,[(1,334,33),(4,1961,204)]
11,1039,[(1,278,15)]
17,673,[(2,104,5)]
13,881,[(1,1409,70)]
73,157,[(2,70,9)]
5,2293,[(2,107,2)]
23,499,[(1,1429,24)]
17,677,[(2,2682,5)]
41,281,[(2,39,10)]
19,607,[(4,5634,395)]
3,3847,[(1,62,1)]
5,2309,[(1,48,1)]
11,1051,[(3,400,11)]
43,269,[(4,97,42)]
3,3863,[(3,5,6)]
67,173,[(4,95,42)]
7,1663,[(1,99,14)]
89,131,[(3,18283,990)]
3,3889,[(1,1,6)]
5,2333,[(2,87,8),(2,108,1),(4,964,111)]
11,1063,[(3,14866,335),(4,2906,315)]
5,2341,[(1,44,3),(2,107,4),(2,18283,182),(3,28,5)]
5,2351,[(4,9399,194)]
3,3923,[(3,200,11)]
47,251,[(1,63,2)]
53,223,[(3,25,2)]
3,3943,[(1,10610,143)]
71,167,[(1,51,2),(1,116,3),(4,5616,395),(4,5928,77)]
29,409,[(2,106,5)]
5,2381,[(2,103,6),(2,2727,40),(4,2361,98)]
17,701,[(3,26,3)]
11,1087,[(1,14,3)]
3,3989,[(4,1873,138)]
61,197,[(2,89,8),(4,47,42)]
3,4007,[(3,91,8)]
53,227,[(4,855,62)]
7,1723,[(1,34,3)]
61,199,[(3,2019,260)]
53,229,[(1,136,3),(2,109,4),(2,1763,230),(3,6512,403),(3,32672,469),(4,17,42)]
3,4057,[(1,13,6)]
13,937,[(1,27,2),(2,110,3),(2,2758,45),(3,174,7)]
5,2441,[(1,421,24)]
19,643,[(1,3068,33)]
29,421,[(2,47,10),(2,2192,205),(4,196,15)]
3,4079,[(3,161,10),(3,622,19),(4,7802,981)]
3,4099,[(1,64,1)]
109,113,[(1,2,1),(4,12313,222)]
47,263,[(1,2311,84)]
3,4127,[(3,241,12),(3,914,23)]
13,953,[(3,10,3)]
19,653,[(4,577,54)]
3,4153,[(4,1081,680)]
17,733,[(3,7,656),(3,487,22),(4,4775,474)]
7,1783,[(3,3,4),(3,1192,333),(4,6240,79)]
3,4177,[(1,17,6)]
23,547,[(1,83,6)]
5,2521,[(1,46,3)]
7,1801,[(1,3,4)]
73,173,[(1,10,1)]
11,1151,[(3,39,80)]
7,1811,[(3,1166,21)]
3,4229,[(4,2113,46)]
3,4243,[(1,2840,203)]
29,439,[(3,5,2)]
47,271,[(1,23,6),(1,148,3),(4,5168,609)]
5,2549,[(1,2388,119),(1,4072,117),(2,93,8),(2,107,6),(3,24,5),(4,10191,202)]
5,2551,[(3,893,20),(4,9799,618)]
53,241,[(3,758,425)]
5,2557,[(2,113,2)]
67,191,[(3,41,12),(4,2618,159)]
3,4273,[(1,65,2)]
29,443,[(4,17927,402)]
79,163,[(1,4777,462),(1,12222,341),(4,42,11)]
13,991,[(3,223,30)]
3,4297,[(4,4105,268)]
7,1847,[(3,85,6)]
17,761,[(4,327,172)]
23,563,[(3,10530,329)]
13,997,[(2,80,9),(4,2935,426)]
31,419,[(4,194,15)]
11,1181,[(4,1137,70)]
41,317,[(2,114,1)]
3,4339,[(1,64,3)]
47,277,[(1,25,6)]
83,157,[(4,6317,240)]
3,4349,[(4,1427,532)]
31,421,[(1,65,6)]
3,4357,[(4,3385,438)]
103,127,[(3,39,2)]
23,569,[(4,5343,616)]
7,1871,[(1,173,2)]
7,1873,[(1,9,4)]
11,1193,[(1,837,40)]
19,691,[(1,656,15)]
7,1877,[(1,115,14)]
17,773,[(4,705,58)]
7,1879,[(3,261,10),(4,6264,415)]
13,1013,[(2,112,5)]
3,4397,[(4,1261,280)]
101,131,[(4,423,50)]
5,2657,[(2,82,9)]
97,137,[(2,997,260)]
47,283,[(1,19439,306)]
67,199,[(1,11862,145)]
31,431,[(1,20,1)]
7,1913,[(1,11,4)]
29,463,[(3,1,2)]
89,151,[(4,3439,900)]
23,587,[(1,218,3),(4,638,105)]
59,229,[(4,85,12)]
5,2707,[(4,209,270)]
11,1231,[(3,3281,160)]
3,4513,[(1,25,6)]
3,4517,[(4,7583,990)]
71,191,[(1,933,110)]
37,367,[(3,15,2)]
107,127,[(3,11945,238)]
5,2719,[(3,1081,22)]
53,257,[(2,114,5)]
13,1049,[(1,29,2),(1,1291,112),(2,106,7),(3,2,3)]
23,593,[(1,15,2)]
3,4547,[(3,496,17)]
5,2741,[(2,117,2)]
3,4567,[(1,842,301)]
31,443,[(1,2087,70)]
23,599,[(1,24,1),(1,14029,408),(4,6888,83)]
37,373,[(4,1505,402)]
41,337,[(4,21527,588)]
23,601,[(1,1139,120)]
101,137,[(1,6,1),(4,13513,714)]
61,227,[(4,83,12)]
13,1069,[(1,4,3),(2,99,8),(3,84,5),(4,3223,438)]
7,1987,[(3,11870,201)]
19,733,[(4,5423,498)]
5,2789,[(1,472,15),(2,117,4),(2,19957,78),(3,96,7),(4,2769,106)]
5,2791,[(3,133,8)]
17,821,[(2,86,9)]
23,607,[(1,67,36)]
61,229,[(2,63,10)]
7,1997,[(1,715,4),(4,1969,90)]
5,2801,[(1,39,4),(2,118,3),(3,18,5),(4,2319,712)]
7,2003,[(1,179,2)]
3,4679,[(3,557,18)]
7,2011,[(1,38,3),(4,7398,679)]
73,193,[(2,2733,170)]
3,4703,[(3,50,7)]
103,137,[(1,187,4),(1,613,272),(4,7055,84)]
7,2017,[(1,15,4)]
19,743,[(3,1237,90)]
67,211,[(1,12,1)]
79,179,[(1,10,1)]
31,457,[(4,6771,430)]
3,4723,[(1,10160,741)]
3,4729,[(1,29,6)]
7,2027,[(1,125,14)]
11,1291,[(1,20,3)]
61,233,[(2,2978,55)]
43,331,[(3,8,15)]
5,2861,[(2,88,9),(4,11439,214)]
103,139,[(1,6,1),(1,749,24),(1,2309,42),(4,18,11),(4,13993,726)]
113,127,[(3,41,2)]
7,2053,[(1,21899,462)]
11,1307,[(1,36,1)]
3,4799,[(3,122,9),(4,2398,49)]
13,1109,[(2,119,4)]
7,2063,[(3,8287,168)]
97,149,[(2,2038,235)]
29,499,[(4,1967,90)]
17,853,[(2,110,7)]
23,631,[(4,6944,435)]
13,1117,[(1,8,3),(2,115,6),(2,2957,120),(3,316,33),(4,3095,438)]
73,199,[(4,6063,644)]
11,1321,[(1,773,60),(4,617,180)]
7,2081,[(1,17,4)]
61,239,[(3,3121,60)]
7,2083,[(1,181,6)]
13,1123,[(4,3501,340)]
19,769,[(1,1287,70),(1,3327,110)]
47,311,[(3,21,2)]
17,863,[(3,593,12)]
13,1129,[(2,6,11)]
19,773,[(4,383,102)]
3,4903,[(1,70,1)]
47,313,[(4,7315,258)]
41,359,[(3,141,10)]
3,4919,[(3,2933,792)]
29,509,[(1,152,15),(1,564,5),(2,69,10),(2,2747,180),(3,496,105),(3,28692,365),(4,393,50)]
5,2957,[(2,12,11),(2,2937,140),(4,1276,123)]
7,2113,[(4,7395,86)]
59,251,[(1,396,5)]
37,401,[(2,14,11)]
5,2969,[(1,478,21),(4,11871,218)]
83,179,[(3,12988,741)]
89,167,[(4,7119,440)]
3,4957,[(4,3985,462)]
7,2131,[(3,954,19)]
43,347,[(3,56,3)]
7,2137,[(1,45,2)]
3,4993,[(1,65,4)]
71,211,[(3,730,77)]
5,2999,[(3,59,6)]
13,1153,[(1,10,3)]
3,4999,[(1,2906,231)]
7,2143,[(1,709,36)]
43,349,[(4,153,14)]
3,5011,[(1,56,5)]
41,367,[(3,17,2),(3,67,28),(4,12629,570),(4,14843,366)]
7,2153,[(1,19,4),(1,731,28),(4,1705,204),(4,4255,936)]
31,487,[(3,3,2)]
23,659,[(3,582,119)]
43,353,[(1,95,286)]
5,3037,[(4,1516,39)]
3,5087,[(3,46,7),(3,239,12),(4,1606,295)]
5,3061,[(3,8,5)]
3,5113,[(1,35,6)]
19,809,[(1,835,112),(4,407,180)]
11,1399,[(3,74,5)]
5,3079,[(4,12311,222)]
89,173,[(1,118,3),(2,94,9),(2,114,7),(3,771,88),(3,3947,210),(4,183,46)]
13,1187,[(4,4735,138)]
5,3089,[(3,6,5)]
17,911,[(4,7743,88)]
13,1193,[(1,3395,286),(2,122,5),(2,1982,245),(3,290,9),(4,361,180)]
53,293,[(4,1119,70)]
5,3109,[(1,52,3),(2,107,8),(3,4,5)]
7,2221,[(1,187,6),(4,47,402)]
37,421,[(2,20691,832)]
31,503,[(1,8743,380)]
5,3121,[(3,2,5)]
3,5209,[(1,2197,280),(4,2137,728)]
19,823,[(1,486,55)]
61,257,[(1,14,1),(1,15406,31),(4,967,66)]
23,683,[(1,10,21)]
79,199,[(3,1315,126)]
13,1213,[(2,1163,270)]
43,367,[(1,18,1)]
3,5279,[(3,689,20),(4,962,553)]
47,337,[(1,865,42)]
5,3169,[(3,94,7)]
101,157,[(2,116,7),(4,527,54)]
13,1223,[(3,125,6)]
3,5303,[(3,995,24)]
7,2273,[(4,4675,954)]
11,1447,[(3,37,4),(3,158,7),(4,718,27)]
17,937,[(1,275,6),(2,77,10),(3,95,44),(4,151,180)]
89,179,[(3,99,20)]
19,839,[(3,1085,48)]
5,3191,[(3,317,12),(4,12759,226)]
11,1451,[(3,3484,165)]
13,1229,[(2,109,8)]
7,2293,[(1,141,14)]
3,5351,[(3,157,10)]
13,1237,[(2,3167,60),(2,21396,455),(4,612,25)]
5,3217,[(2,38,11)]
5,3221,[(3,172,9)]
71,227,[(3,3238,231)]
5,3229,[(2,127,2),(2,3007,160),(4,3209,114)]
67,241,[(1,4937,342),(1,8207,138)]
31,521,[(1,5,2)]
7,2311,[(1,48,1)]
3,5399,[(3,83,8)]
97,167,[(4,8099,90)]
13,1249,[(1,14,3)]
109,149,[(2,40,11),(2,79,10),(4,4340,201)]
73,223,[(3,25,12)]
43,379,[(1,32724,287)]
83,197,[(4,135,46)]
11,1487,[(3,113,6)]
13,1259,[(4,103,102)]
11,1489,[(1,103,30)]
19,863,[(3,26,3),(3,89,24),(4,422,21)]
41,401,[(4,2223,220)]
3,5479,[(1,74,1)]
29,569,[(2,126,5)]
17,971,[(3,159,14)]
3,5507,[(3,196,11)]
23,719,[(1,429,4)]
71,233,[(1,357,20)]
59,281,[(1,291,70)]
47,353,[(1,639,322)]
5,3319,[(3,131,8)]
17,977,[(3,20,3),(3,1185,34)]
37,449,[(2,3202,95)]
127,131,[(1,2,1),(4,16633,258)]
5,3329,[(1,57,2)]
7,2377,[(1,195,2)]
59,283,[(3,376,7)]
3,5569,[(1,41,6)]
43,389,[(4,1547,132)]
13,1289,[(2,46,11)]
41,409,[(4,184,15)]
19,883,[(1,96,65)]
5,3359,[(3,2289,32)]
53,317,[(2,120,7),(2,3052,165),(4,105,46)]
113,149,[(1,6,1),(4,16513,786)]
11,1531,[(3,788,175)]
17,991,[(4,8383,276)]
13,1297,[(1,33,2),(4,4135,474)]
5,3373,[(2,113,8),(4,124,285)]
61,277,[(2,68,285),(2,129,4),(4,108,13)]
3,5639,[(3,437,16)]
7,2417,[(1,25,4)]
13,1303,[(3,45,4)]
5,3389,[(2,48,11)]
31,547,[(1,79,6),(1,1146,7),(4,258,17)]
71,239,[(3,369,70)]
23,739,[(1,3661,204)]
73,233,[(2,128,5)]
23,743,[(3,27315,988)]
61,281,[(2,50,11)]
11,1559,[(4,334,105)]
17,1009,[(2,3272,55)]
89,193,[(2,131,2)]
29,593,[(1,2502,187),(4,2343,98)]
103,167,[(1,8,1),(1,827,8),(4,5320,981),(4,7400,693)]
3,5737,[(1,43,6),(1,12643,442),(4,5545,308)]
7,2459,[(1,187,10)]
11,1567,[(1,26,3)]
5,3449,[(1,18,5)]
7,2467,[(3,10,39)]
59,293,[(4,57,46)]
5,3457,[(2,122,7)]
5,3461,[(4,3441,118)]
19,911,[(3,1202,225),(4,314,105)]
7,2473,[(1,5979,176)]
5,3467,[(4,1531,132)]
3,5779,[(1,76,1)]
5,3469,[(2,52,11)]
17,1021,[(3,98,5),(4,953,66)]
11,1583,[(3,1631,120)]
3,5807,[(4,2782,165)]
3,5813,[(4,1969,310)]
19,919,[(1,30,1)]
3,5827,[(1,12868,299)]
7,2503,[(1,44,3)]
3,5843,[(3,760,21)]
97,181,[(2,54,11)]
79,223,[(1,12,1)]
67,263,[(1,14,1)]
31,569,[(4,5539,990)]
5,3529,[(1,2893,84),(4,1591,744)]
7,2521,[(1,27,4),(1,803,12)]
19,929,[(1,25,2)]
41,431,[(3,15,2),(3,557,120),(4,8835,94)]
5,3539,[(4,14151,238)]
5,3541,[(1,56,3),(2,133,2),(3,92,7)]
89,199,[(3,35,2),(3,229,10),(4,55,12)]
41,433,[(2,1123,280)]
29,613,[(2,56,11),(2,124,7),(4,497,54)]
5,3557,[(2,117,8)]
5,3559,[(4,13831,726)]
19,937,[(1,749,30)]
71,251,[(1,141,20),(4,10130,303)]
53,337,[(2,22586,65)]
3,5953,[(4,2881,760)]
107,167,[(3,165,4)]
31,577,[(1,9,2)]
29,619,[(4,295,18)]
47,383,[(1,176,3),(4,7800,707)]
11,1637,[(4,1593,82)]
17,1061,[(2,134,3)]
5,3617,[(2,3362,15)]
3,6029,[(4,2893,168)]
7,2591,[(1,157,14)]
3,6047,[(3,34,7),(3,79,8),(4,3022,55)]
67,271,[(3,9938,315),(4,102,13)]
41,443,[(3,9509,390)]
101,181,[(2,91,10)]
5,3659,[(4,14631,242)]
5,3671,[(3,53,6)]
5,3677,[(2,22833,572)]
41,449,[(1,3623,330)]
79,233,[(4,8003,714)]
7,2633,[(1,29,4),(1,299,68),(1,821,4),(4,1033,120),(4,4535,792),(4,9215,96)]
17,1087,[(3,1055,16)]
5,3697,[(2,62,11)]
53,349,[(2,136,1),(4,14108,357)]
5,3701,[(1,24,5),(1,476,33),(2,3243,160),(3,2148,31),(4,3681,122)]
83,223,[(3,145,4)]
97,191,[(3,977,30),(3,2609,594),(3,3191,18),(4,47,12),(4,5983,1008),(4,12127,444)]
5,3709,[(2,3313,140),(4,2089,438)]
13,1429,[(2,136,3)]
17,1093,[(2,134,5)]
3,6199,[(1,13306,13)]
23,809,[(1,21,2)]
13,1433,[(1,35,2)]
7,2663,[(3,208,9),(3,493,48)]
29,643,[(4,2543,102)]
17,1097,[(1,3675,416),(2,93,10),(2,2923,210),(3,3465,58)]
47,397,[(4,14831,750)]
11,1697,[(1,39,2),(4,993,196)]
3,6229,[(4,6217,158)]
13,1439,[(3,2047,288)]
41,457,[(2,64,11),(2,121,8),(4,9328,291)]
17,1103,[(3,57,4)]
7,2683,[(1,46,3)]
3,6269,[(4,3133,56)]
31,607,[(1,24,1),(1,391,12),(4,8208,721),(4,9408,97)]
83,227,[(1,12,1)]
5,3769,[(1,58,3)]
47,401,[(1,143,12)]
109,173,[(1,8,1)]
3,6287,[(3,194,11)]
13,1453,[(1,20,3)]
7,2699,[(1,197,10)]
41,461,[(4,297,50)]
3,6317,[(4,2221,320)]
11,1723,[(3,6044,215)]
13,1459,[(4,4783,498)]
7,2711,[(1,52,1),(1,163,14),(4,6208,1017),(4,9176,495)]
5,3797,[(2,133,6)]
7,2713,[(1,51,2)]
3,6337,[(4,3265,776)]
79,241,[(1,111,20)]
43,443,[(1,20,1)]
23,829,[(4,6623,546)]
3,6359,[(3,77,8)]
17,1123,[(3,2177,46)]
5,3821,[(2,112,9)]
97,197,[(1,10,1)]
7,2731,[(1,6022,297),(4,1362,37)]
31,617,[(1,11,2),(1,289,28),(4,293,18),(4,1367,204),(4,9523,294)]
41,467,[(3,16597,408),(4,29847,692)]
19,1013,[(4,937,66)]
5,3853,[(2,68,11)]
7,2753,[(1,31,4)]
37,521,[(1,22,1)]
23,839,[(3,32,3)]
61,317,[(1,16,1),(1,17084,341),(2,139,2),(2,877,290),(2,3467,80),(3,68,3),(4,25433,966)]
11,1759,[(3,329,10)]
107,181,[(4,37,12)]
5,3881,[(1,51,4)]
13,1493,[(2,97,10)]
53,367,[(3,4831,182),(4,1415,78)]
29,673,[(1,217,12),(1,1817,126),(4,343,426)]
109,179,[(4,35,12)]
7,2791,[(3,444,13),(3,1189,66)]
113,173,[(4,279,50)]
5,3919,[(3,569,16)]
17,1153,[(2,140,1),(4,9800,99)]
7,2801,[(4,2353,228)]
23,853,[(1,4955,738)]
7,2803,[(3,598,51)]
19,1033,[(1,27,2)]
73,269,[(1,14,1)]
5,3929,[(1,563,12)]
5,3931,[(4,15319,762)]
11,1787,[(1,344,21)]
11,1789,[(4,889,30)]
3,6563,[(3,620,19)]
23,857,[(1,117,2)]
19,1039,[(3,4770,833),(4,510,23)]
23,859,[(1,109,6),(1,2374,9),(4,418,21)]
131,151,[(1,110,3)]
83,239,[(3,33,2),(3,5694,25),(4,3242,177)]
89,223,[(3,1849,14)]
101,197,[(2,141,2)]
43,463,[(3,15,2)]
17,1171,[(3,431,52)]
127,157,[(4,12209,690)]
7,2851,[(1,827,36)]
41,487,[(3,13,2)]
7,2857,[(4,9999,100)]
5,4001,[(1,551,24)]
37,541,[(2,116,9),(2,3537,20),(4,252,17)]
31,647,[(3,1067,42)]
13,1543,[(4,5119,510)]
5,4013,[(2,137,6),(4,1804,141)]
17,1181,[(3,14,3)]
53,379,[(4,15323,372)]
13,1549,[(2,141,4)]
3,6719,[(3,22,7),(4,3238,177)]
61,331,[(4,135,14)]
5,4049,[(1,17,48),(1,63,2),(2,142,3),(3,4134,43),(3,4414,693)]
13,1559,[(3,61,30)]
79,257,[(1,9049,550)]
19,1069,[(4,5087,510)]
11,1847,[(3,19,90),(3,1462,21),(4,478,111)]
7,2903,[(3,1523,24),(3,1928,27),(4,10120,303)]
29,701,[(3,132,5)]
5,4079,[(3,49,6)]
23,887,[(1,268,3),(1,20133,26),(4,10200,101)]
3,6803,[(3,20,7)]
17,1201,[(2,76,11),(2,23519,962)]
107,191,[(3,39,2)]
5,4093,[(2,143,2)]
103,199,[(3,168,143),(3,637,24),(4,9048,749)]
131,157,[(4,13,12)]
11,1871,[(1,3370,153)]
37,557,[(2,103,10)]
53,389,[(2,139,6)]
137,151,[(3,749,8),(3,2021,812),(3,2821,304),(3,4643,140),(4,7,12),(4,9527,396)]
127,163,[(1,6,1),(4,20377,870)]
139,149,[(4,5,12)]
89,233,[(1,12,1),(1,747,14),(1,10973,378),(2,1,12),(2,129,8),(2,144,1),(3,59,6),(3,764,9),(3,1548,65),(3,3812,825),(3,7716,319),(3,12301,858),(4,3488,183),(4,5463,308)]
7,2963,[(1,3469,88)]
13,1597,[(2,5,12)]
5,4157,[(2,7,12)]
17,1223,[(3,2787,26)]
5,4159,[(4,16631,258)]
47,443,[(3,58,3)]
67,311,[(3,803,30)]
3,6947,[(3,16,7)]
3,6949,[(4,5977,534)]
29,719,[(3,775,12)]
41,509,[(2,3342,185)]
3,6959,[(3,73,8),(4,3478,59)]
3,6967,[(1,82,3)]
17,1231,[(4,9263,756)]
3,6983,[(3,235,12)]
13,1613,[(1,40,1)]
7,3001,[(4,10191,520)]
17,1237,[(3,145,14)]
53,397,[(2,80,11),(2,145,2),(4,172,15)]
7,3011,[(1,2717,232)]
107,197,[(4,231,50)]
23,919,[(3,116,5),(3,4157,374),(4,10528,309)]
7,3023,[(3,377,12)]
79,269,[(1,65,2)]
29,733,[(2,131,8)]
5,4253,[(2,23,12),(2,3572,135)]
13,1637,[(2,145,4),(2,3647,10),(4,6535,162)]
5,4261,[(3,88,7)]
3,7103,[(3,10,7),(4,2614,335)]
101,211,[(4,7337,570)]
19,1123,[(3,1332,95)]
7,3049,[(1,6597,220)]
5,4271,[(3,47,6)]
41,521,[(2,25,12),(2,144,5),(4,9480,763)]
23,929,[(1,841,198),(1,1947,40),(1,5151,26),(4,543,196)]
5,4273,[(2,82,11)]
73,293,[(3,35,6),(4,23441,930)]
3,7129,[(1,4099,126),(4,4057,808)]
31,691,[(1,105,2),(1,478,45),(4,330,19)]
7,3061,[(4,793,438)]
5,4289,[(2,122,9),(2,138,7),(4,831,776),(4,17151,262)]
89,241,[(2,107,10)]
109,197,[(2,3652,85)]
7,3067,[(1,50,3),(1,765,52),(4,654,305)]
47,457,[(1,5765,306)]
23,937,[(4,10735,312)]
7,3079,[(3,36,5)]
3,7187,[(3,4,7)]
3,7207,[(1,2,7)]
97,223,[(4,10815,104)]
43,503,[(3,235,6),(3,250,21),(4,13186,585)]
3,7213,[(4,7201,170)]
3,7219,[(1,4,7)]
53,409,[(1,2,15),(4,2657,462)]
13,1669,[(2,31,12),(2,84,11),(4,828,29)]
17,1277,[(3,10,3)]
3,7247,[(3,71,8),(4,22,595)]
5,4349,[(2,143,6)]
47,463,[(3,17,2),(3,6052,341)]
7,3109,[(1,213,10)]
5,4357,[(2,133,8)]
23,947,[(1,123,2)]
71,307,[(3,1198,187)]
7,3119,[(1,1507,280)]
7,3121,[(4,10611,530)]
3,7283,[(3,280,13)]
5,4373,[(2,147,4)]
131,167,[(1,6,1),(4,21553,894)]
3,7309,[(4,6337,546)]
37,593,[(1,1,2),(2,146,5),(3,202,21),(3,23962,693)]
3,7321,[(1,4189,70)]
7,3137,[(1,55,2)]
11,1997,[(4,553,114)]
5,4397,[(2,148,3),(4,1996,147)]
97,227,[(3,65,6)]
17,1297,[(4,11024,105)]
3,7351,[(1,74,5)]
5,4421,[(1,36,5),(1,464,39),(2,37,12),(3,372,13),(4,17679,266)]
3,7369,[(1,59,6)]
17,1301,[(4,1233,74)]
11,2011,[(1,23180,897)]
11,2017,[(1,23681,552)]
5,4441,[(1,179,48),(4,4121,276)]
13,1709,[(2,149,2)]
37,601,[(1,3,2)]
23,967,[(1,152,21),(4,9920,777)]
113,197,[(2,25214,195)]
11,2027,[(1,56,33)]
7,3191,[(3,1304,69),(3,2011,84)]
79,283,[(1,257,12)]
3,7459,[(1,16,7)]
29,773,[(2,41,12)]
7,3203,[(1,19,296)]
17,1321,[(2,149,4)]
23,977,[(4,11235,106)]
43,523,[(3,400,153)]
3,7507,[(1,13148,793)]
13,1733,[(2,148,5),(2,2488,265)]
7,3221,[(1,227,2),(4,3193,114)]
17,1327,[(3,55,4)]
5,4513,[(2,142,7)]
5,4517,[(2,43,12)]
59,383,[(1,18,1)]
3,7537,[(4,4465,824)]
37,613,[(1,24,1)]
73,311,[(4,11039,540)]
3,7583,[(3,110,9)]
3,7589,[(4,193,602)]
13,1753,[(2,1458,295)]
5,4561,[(3,262,11)]
3,7603,[(1,20,7)]
37,617,[(1,5,2)]
53,431,[(3,1473,220)]
89,257,[(1,399,10)]
137,167,[(3,45,2)]
7,3271,[(1,52,3),(1,219,10),(4,11448,107)]
3,7639,[(1,86,3)]
23,997,[(1,323,36),(1,797,78),(4,905,66)]
53,433,[(1,185,6)]
5,4591,[(3,433,14),(4,17959,822)]
59,389,[(4,153,50)]
11,2087,[(3,27,4)]
5,4603,[(4,2299,48)]
3,7687,[(1,22,7)]
47,491,[(1,5553,208)]
13,1777,[(1,42,1),(1,11358,1007)]
7,3301,[(1,83,18),(1,3677,24)]
5,4621,[(2,92,11),(2,152,1),(4,3001,474)]
101,229,[(2,3797,70)]
17,1361,[(1,33,2),(1,332,3),(1,1668,91),(2,49,12),(2,144,7),(2,3273,220),(2,25696,351),(3,4,3),(3,681,26),(4,8,111),(4,10368,791),(4,11256,545)]
73,317,[(3,29,6)]
3,7727,[(3,1454,29),(3,5431,56)]
7,3313,[(1,39,4),(1,229,6),(1,30441,368),(4,531,310)]
5,4637,[(2,152,3)]
13,1787,[(4,887,30)]
31,751,[(1,1217,210)]
5,4657,[(2,3778,115)]
17,1373,[(3,2,3)]
97,241,[(1,12,1),(1,673,42),(1,5593,114),(4,72,13)]
19,1231,[(4,606,25)]
89,263,[(3,9459,352)]
5,4691,[(4,18759,274)]
29,809,[(2,130,9)]
3,7823,[(3,190,11)]
17,1381,[(1,2,3),(2,94,11),(2,3442,205),(3,1481,38),(3,5119,296),(3,17257,520),(4,4127,498)]
23,1021,[(1,3491,300)]
7,3361,[(1,57,2)]
31,761,[(4,10595,798)]
7,3371,[(1,58,1)]
5,4721,[(4,4401,284)]
3,7879,[(1,26,7)]
5,4729,[(1,437,42),(4,18511,834)]
5,4733,[(2,153,4),(2,972,305)]
137,173,[(1,6,1),(4,23377,930)]
131,181,[(4,7265,258)]
37,641,[(1,7,2),(2,146,7),(2,154,1),(3,578,105),(3,1354,903),(3,3206,297),(3,5474,279),(4,2527,102)]
61,389,[(2,152,5),(2,233,310),(4,164,15)]
3,7919,[(3,233,12)]
7,3391,[(3,159,8)]
3,7927,[(1,3662,259)]
11,2161,[(1,415,12)]
53,449,[(1,151,12),(1,639,286),(2,154,3),(2,3018,245),(3,62,3),(4,1743,86)]
31,769,[(4,369,20)]
3,7949,[(4,3853,192)]
107,223,[(1,134,3)]
89,269,[(4,87,50)]
17,1409,[(3,96,5)]
43,557,[(4,385,54)]
5,4799,[(3,41,6)]
3,7993,[(1,85,4)]
29,829,[(2,155,2)]
139,173,[(4,383,54)]
5,4813,[(2,26177,494),(4,844,315)]
89,271,[(4,12019,330)]
3,8053,[(4,7081,570)]
37,653,[(2,119,10)]
23,1051,[(1,266,15)]
7,3457,[(4,12099,110)]
61,397,[(2,59,12)]
127,191,[(1,8,1)]
3,8089,[(4,7897,364)]
11,2207,[(3,207,8)]
5,4861,[(2,148,7)]
109,223,[(3,39,2)]
83,293,[(4,39,50)]
41,593,[(2,2587,270)]
101,241,[(2,154,5)]
17,1433,[(2,3843,130)]
19,1283,[(3,16,3)]
23,1061,[(1,51,10)]
7,3491,[(3,206,9)]
5,4889,[(1,42,5)]
37,661,[(2,61,12)]
17,1439,[(4,11919,560)]
3,8161,[(1,919,350)]
127,193,[(4,11055,812)]
5,4909,[(2,143,8)]
13,1889,[(1,41,2),(1,1567,140),(4,7543,174)]
7,3511,[(1,237,2),(1,2012,561)]
67,367,[(3,6415,84)]
5,4919,[(3,4731,46),(3,13301,924)]
103,239,[(1,61,2)]
41,601,[(2,100,11),(2,121,10),(4,12320,111)]
5,4933,[(2,157,2)]
17,1453,[(3,337,52),(4,1385,78)]
79,313,[(4,117,14)]
29,853,[(2,3932,5),(4,412,21)]
19,1303,[(1,3922,231)]
11,2251,[(3,68,5)]
137,181,[(3,571,14),(4,367,54)]
3,8269,[(4,8257,182)]
5,4969,[(1,4298,369),(4,19871,282)]
13,1913,[(2,3482,215)]
41,607,[(3,7,2),(3,667,44),(4,283,18)]
37,673,[(1,9,2),(2,150,7),(3,698,33)]
7,3559,[(3,1564,75),(4,12144,565)]
107,233,[(1,131,6)]
109,229,[(2,65,12),(2,156,5),(4,60,13)]
5,4993,[(2,158,1)]
3,8329,[(1,91,2)]
17,1471,[(4,12463,336)]
5,5003,[(4,2299,156)]
127,197,[(1,55,2)]
29,863,[(3,81,4),(4,3423,118)]
5,5009,[(2,102,11),(2,158,3),(4,4689,292)]
5,5011,[(4,19639,858)]
19,1319,[(3,2107,660)]
7,3581,[(1,67,76)]
5,5021,[(2,3288,235),(4,5001,142)]
41,613,[(3,466,55)]
3,8377,[(1,67,6),(1,4013,238),(4,5305,856)]
13,1933,[(1,1980,1003),(2,123,10),(2,3963,20),(3,1240,57)]
23,1093,[(1,125,6)]
31,811,[(1,65,36)]
7,3593,[(1,59,2)]
11,2287,[(3,23,4)]
5,5039,[(3,721,18)]
151,167,[(1,4,1),(4,25153,636)]
43,587,[(3,236,21)]
23,1097,[(1,27,2),(1,10427,414)]
7,3607,[(1,60,1)]
3,8419,[(1,4496,7)]
11,2297,[(1,1197,20)]
7,3613,[(1,109,18),(1,2549,264)]
41,617,[(1,24,1),(2,159,2),(2,1017,310),(3,52,3)]
17,1489,[(2,3977,40)]
73,347,[(3,19,6)]
13,1949,[(1,44,1)]
3,8447,[(3,106,9),(4,4222,65)]
7,3623,[(1,3589,184)]
11,2309,[(4,709,120)]
3,8467,[(1,92,1)]
5,5081,[(1,2349,238),(4,39,808)]
47,541,[(1,367,12),(1,767,42),(4,353,54)]
59,431,[(3,6913,30)]
29,877,[(3,4468,145)]
73,349,[(4,27977,1014)]
5,5101,[(2,152,7)]
59,433,[(1,4249,240)]
31,827,[(3,622,33)]
13,1973,[(4,1921,90)]
113,227,[(4,14415,484)]
67,383,[(3,247,126),(3,21158,561),(4,158,15)]
61,421,[(2,160,3)]
17,1511,[(3,129,14),(3,261,8),(4,67,114)]
3,8563,[(1,15620,273)]
23,1117,[(1,533,12)]
7,3671,[(3,536,51),(3,907,60)]
7,3677,[(1,205,14)]
149,173,[(2,71,12),(2,27129,286),(4,543,58)]
107,241,[(1,11617,696)]
3,8599,[(1,82,5)]
53,487,[(3,19,2),(4,2345,474)]
11,2347,[(1,436,3)]
7,3691,[(1,243,2),(1,7258,231),(4,1842,43)]
11,2351,[(3,1807,210)]
7,3697,[(1,115,18)]
41,631,[(3,5,2)]
113,229,[(2,106,11)]
13,1993,[(1,2125,84),(3,170,33),(4,6919,570)]
37,701,[(2,161,2),(2,3232,245),(4,1148,129)]
11,2357,[(4,2313,98)]
5,5189,[(1,52,51),(1,72,1),(2,157,6),(3,804,19)]
3,8647,[(1,38,7)]
23,1129,[(1,389,168),(1,2429,144),(1,4837,60),(4,343,204),(4,553,24)]
19,1367,[(3,5573,180)]
5,5197,[(4,2596,51)]
83,313,[(1,155,6),(4,4999,300)]
17,1531,[(3,679,26)]
5,5209,[(1,307,48),(1,2027,252)]
71,367,[(1,11,6)]
3,8689,[(1,89,4)]
131,199,[(3,1669,700)]
97,269,[(3,986,165)]
43,607,[(3,9,2)]
3,8707,[(1,92,3)]
59,443,[(3,332,45)]
11,2377,[(1,1213,30)]
73,359,[(3,13,6),(3,307,6),(4,2777,168)]
17,1543,[(3,53,4),(3,127,14),(4,4541,390)]
11,2389,[(4,12011,840)]
97,271,[(4,12831,580)]
5,5261,[(2,108,11)]
7,3761,[(1,979,20)]
3,8783,[(4,3454,365)]
13,2029,[(4,2183,474)]
7,3767,[(4,13144,345)]
11,2399,[(1,762,85)]
5,5281,[(3,82,7)]
3,8803,[(1,40,7)]
3,8807,[(3,59,8)]